iso3c,country,database_last_updated,AGRI.CENSUS
AFG,Afghanistan,2018,
ALB,Albania,2018," 1998, 2012"
DZA,Algeria,2018, 2008
AGO,Angola,2018, 2014
ATG,Antigua and Barbuda,2018," 2007, 2011"
ARG,Argentina,2018," 2002, 2008"
ARM,Armenia,2018," 2011, 2014"
AUS,Australia,2018," 2006, 2007, 2008, 2009, 2010, 2011, 2012, 2013, 2014, 2015, 2016, 2017"
AUT,Austria,2018," 2006, 2007, 2008, 2009, 2010, 2011, 2012, 2013, 2014, 2015, 2016, 2017"
AZE,Azerbaijan,2018," 2005, 2015"
BHS,"Bahamas, The",2018, 2010
BHR,Bahrain,2018, 2010
BGD,Bangladesh,2018," 2008, 2011"
BRB,Barbados,2018, 2010
BLR,Belarus,2018, 2009
BEL,Belgium,2018," 2006, 2007, 2008, 2009, 2010, 2011, 2012, 2013, 2014, 2015, 2016, 2017"
BLZ,Belize,2018, 2011
BEN,Benin,2018, 2013
BTN,Bhutan,2018," 2005, 2009"
BOL,Bolivia,2018, 2013
BIH,Bosnia and Herzegovina,2018, 2013
BWA,Botswana,2018," 2004, 2015"
BRA,Brazil,2018," , 1996, 2006, 2017"
BRN,Brunei Darussalam,2018, 2011
BGR,Bulgaria,2018, 2010
BFA,Burkina Faso,2018," 2007, 2010"
BDI,Burundi,2018, 2008
CPV,Cabo Verde,2018," 2010, 2015"
KHM,Cambodia,2018," 2008, 2013"
CMR,Cameroon,2018, 2005
CAN,Canada,2018," 2006, 2007, 2008, 2009, 2010, 2011, 2012, 2013, 2014, 2015, 2016, 2017"
CAF,Central African Republic,2018, 2003
TCD,Chad,2018, 2009
CHL,Chile,2018," 2007, 2009"
CHN,China,2018, 2007
COL,Colombia,2018," , 2014, 2017"
COM,Comoros,2018, 2004
COD,"Congo, Dem. Rep.",2018,
COG,"Congo, Rep.",2018," 2007, 2015"
CRI,Costa Rica,2018," 2011, 2014"
CIV,Côte d'Ivoire,2018, 2015
HRV,Croatia,2018," 2003, 2010"
CYP,Cyprus,2018," 2006, 2007, 2008, 2009, 2010, 2011, 2012, 2013, 2014, 2015, 2016, 2017"
CZE,Czech Republic,2018," 2006, 2007, 2008, 2009, 2010, 2011, 2012, 2013, 2014, 2015, 2016, 2017"
DNK,Denmark,2018," 2006, 2007, 2008, 2009, 2010, 2011, 2012, 2013, 2014, 2015, 2016, 2017"
DJI,Djibouti,2018, 2009
DMA,Dominica,2018, 2015
DOM,Dominican Republic,2018," 2010, 2015"
ECU,Ecuador,2018, 1999
EGY,"Egypt, Arab Rep.",2018," 2006, 2010"
SLV,El Salvador,2018, 2008
GNQ,Equatorial Guinea,2018, 2015
ERI,Eritrea,2018,
EST,Estonia,2018," 2006, 2007, 2008, 2009, 2010, 2011, 2012, 2013, 2014, 2015, 2016, 2017"
SWZ,Eswatini,2018, 2007
ETH,Ethiopia,2018, 2007
FJI,Fiji,2018, 2009
FIN,Finland,2018," 2006, 2007, 2008, 2009, 2010, 2011, 2012, 2013, 2014, 2015, 2016, 2017"
FRA,France,2018," 2006, 2007, 2008, 2009, 2010, 2011, 2012, 2013, 2014, 2015, 2016, 2017"
GAB,Gabon,2018, 2013
GMB,"Gambia, The",2018," 2002, 2012"
GEO,Georgia,2018," 2004, 2005, 2014"
DEU,Germany,2018," 2006, 2007, 2008, 2009, 2010, 2011, 2012, 2013, 2014, 2015, 2016, 2017"
GHA,Ghana,2018, 2010
GRC,Greece,2018," 2006, 2007, 2008, 2009, 2010, 2011, 2012, 2013, 2014, 2015, 2016, 2017"
GRD,Grenada,2018, 2012
GTM,Guatemala,2018," 2003, 2006"
GIN,Guinea,2018, 2001
GNB,Guinea-Bissau,2018, 2009
GUY,Guyana,2018, 2012
HTI,Haiti,2018," 2003, 2009"
HND,Honduras,2018, 2013
HUN,Hungary,2018," 2006, 2007, 2008, 2009, 2010, 2011, 2012, 2013, 2014, 2015, 2016, 2017"
ISL,Iceland,2018," 2006, 2007, 2008, 2009, 2010, 2011, 2012, 2013, 2014, 2015, 2016, 2017"
IND,India,2018," 2010, 2011"
IDN,Indonesia,2018," 2010, 2013"
IRN,"Iran, Islamic Rep.",2018, 2014
IRQ,Iraq,2018, 2014
IRL,Ireland,2018," 2006, 2007, 2008, 2009, 2010, 2011, 2012, 2013, 2014, 2015, 2016, 2017"
ISR,Israel,2018," 2006, 2007, 2008, 2009, 2010, 2011, 2012, 2013, 2014, 2015, 2016, 2017"
ITA,Italy,2018," 2006, 2007, 2008, 2009, 2010, 2011, 2012, 2013, 2014, 2015, 2016, 2017"
JAM,Jamaica,2018," 2007, 2011"
JPN,Japan,2018," 2006, 2007, 2008, 2009, 2010, 2011, 2012, 2013, 2014, 2015, 2016, 2017"
JOR,Jordan,2018," 2007, 2015"
KAZ,Kazakhstan,2018, 2007
KEN,Kenya,2018, 2009
KIR,Kiribati,2018, 2015
KOR,"Korea, Rep.",2018," 2006, 2007, 2008, 2009, 2010, 2011, 2012, 2013, 2014, 2015, 2016, 2017"
XKX,Kosovo,2018," 2011, 2014"
KWT,Kuwait,2018, 2005
KGZ,Kyrgyz Republic,2018, 2002
LAO,Lao PDR,2018," , 1999, 2011, 2015"
LVA,Latvia,2018," 2006, 2007, 2008, 2009, 2010, 2011, 2012, 2013, 2014, 2015, 2016, 2017"
LBN,Lebanon,2018, 2010
LSO,Lesotho,2018," 2000, 2010"
LBR,Liberia,2018, 2008
LBY,Libya,2018, 2006
LTU,Lithuania,2018," 2006, 2007, 2008, 2009, 2010, 2011, 2012, 2013, 2014, 2015, 2016, 2017"
LUX,Luxembourg,2018," 2006, 2007, 2008, 2009, 2010, 2011, 2012, 2013, 2014, 2015, 2016, 2017"
MDG,Madagascar,2018, 1993
MWI,Malawi,2018, 2007
MYS,Malaysia,2018," 2010, 2016"
MDV,Maldives,2018, 2014
MLI,Mali,2018, 2009
MLT,Malta,2018," 2006, 2007, 2008, 2009, 2010, 2011, 2012, 2013, 2014, 2015, 2016, 2017"
MHL,Marshall Islands,2018, 2011
MRT,Mauritania,2018, 2013
MUS,Mauritius,2018," 2011, 2014"
MEX,Mexico,2018, 2007
FSM,"Micronesia, Fed. Sts.",2018, 2010
MDA,Moldova,2018," 2011, 2014"
MNG,Mongolia,2018, 2011
MNE,Montenegro,2018, 2010
MAR,Morocco,2018, 2014
MOZ,Mozambique,2018," 2007, 2010"
MMR,Myanmar,2018," 2003, 2010"
NAM,Namibia,2018, 2014
NRU,Nauru,2018, 2012
NPL,Nepal,2018," 2002, 2012"
NLD,Netherlands,2018," 2006, 2007, 2008, 2009, 2010, 2011, 2012, 2013, 2014, 2015, 2016, 2017"
NZL,New Zealand,2018," 2006, 2007, 2008, 2009, 2010, 2011, 2012, 2013, 2014, 2015, 2016, 2017"
NIC,Nicaragua,2018," 2001, 2011"
NER,Niger,2018," 2008, 2012"
NGA,Nigeria,2018, 2006
MKD,"Macedonia, FYR",2018, 2007
NOR,Norway,2018," 2006, 2007, 2008, 2009, 2010, 2011, 2012, 2013, 2014, 2015, 2016, 2017"
OMN,Oman,2018," 2010, 2013"
PAK,Pakistan,2018," 2000, 2010"
PLW,Palau,2018, 2015
PAN,Panama,2018," 2001, 2011"
PNG,Papua New Guinea,2018, 2011
PRY,Paraguay,2018," 2008, 2012"
PER,Peru,2018," 2007, 2012"
PHL,Philippines,2018," 2003, 2012"
POL,Poland,2018," 2002, 2010"
PRT,Portugal,2018," 2006, 2007, 2008, 2009, 2010, 2011, 2012, 2013, 2014, 2015, 2016, 2017"
QAT,Qatar,2018, 2010
ROU,Romania,2018," 2003, 2010"
RUS,Russian Federation,2018," 2006, 2010"
RWA,Rwanda,2018, 2012
WSM,Samoa,2018, 2009
SMR,San Marino,2018, 2010
STP,São Tomé and Principe,2018, 2012
SAU,Saudi Arabia,2018," 2010, 2015"
SEN,Senegal,2018," 2013, 2016"
SRB,Serbia,2018, 2012
SYC,Seychelles,2018, 2011
SLE,Sierra Leone,2018, 2015
SGP,Singapore,2018, 2010
SVK,Slovak Republic,2018," 2006, 2007, 2008, 2009, 2010, 2011, 2012, 2013, 2014, 2015, 2016, 2017"
SVN,Slovenia,2018," 2006, 2007, 2008, 2009, 2010, 2011, 2012, 2013, 2014, 2015, 2016, 2017"
SLB,Solomon Islands,2018, 2009
SOM,Somalia,2018, 1987
ZAF,South Africa,2018," 2007, 2011"
SSD,South Sudan,2018, 2008
ESP,Spain,2018," 2006, 2007, 2008, 2009, 2010, 2011, 2012, 2013, 2014, 2015, 2016, 2017"
LKA,Sri Lanka,2018," 2002, 2014"
KNA,St. Kitts and Nevis,2018, 2011
LCA,St. Lucia,2018," 2007, 2010"
VCT,St. Vincent and the Grenadines,2018," 2000, 2012"
SDN,Sudan,2018, 2008
SUR,Suriname,2018," 2009, 2012"
SWE,Sweden,2018," 2006, 2007, 2008, 2009, 2010, 2011, 2012, 2013, 2014, 2015, 2016, 2017"
CHE,Switzerland,2018," 2006, 2007, 2008, 2009, 2010, 2011, 2012, 2013, 2014, 2015, 2016, 2017"
SYR,Syrian Arab Republic,2018, 2004
TJK,Tajikistan,2018," 2010, 2013"
TZA,Tanzania,2018," 2008, 2015"
THA,Thailand,2018," 2003, 2013"
TLS,Timor-Leste,2018, 2015
TGO,Togo,2018," 2010, 2014"
TON,Tonga,2018," 2001, 2015"
TTO,Trinidad and Tobago,2018," 2004, 2011"
TUN,Tunisia,2018, 2014
TUR,Turkey,2018, 2001
TKM,Turkmenistan,2018, 2012
TUV,Tuvalu,2018, 2012
UGA,Uganda,2018," 2008, 2009"
UKR,Ukraine,2018, 2001
ARE,United Arab Emirates,2018, 2012
GBR,United Kingdom,2018," 2006, 2007, 2008, 2009, 2010, 2011, 2012, 2013, 2014, 2015, 2016, 2017"
USA,United States,2018," 2006, 2007, 2008, 2009, 2010, 2011, 2012, 2013, 2014, 2015, 2016, 2017"
URY,Uruguay,2018," 2000, 2011"
UZB,Uzbekistan,2018, 1989
VUT,Vanuatu,2018," 2006, 2007, 2008"
VEN,"Venezuela, RB",2018," 2008, 2011"
VNM,Vietnam,2018," 2001, 2006, 2011"
YEM,"Yemen, Rep.",2018, 2002
ZMB,Zambia,2018, 2010
ZWE,Zimbabwe,2018, 2012
PSE,West Bank and Gaza,2018," 2007, 2010"
